,TeamID,Time,SubjectIDSender,SubjectIDReceiver,MessageType,SurpriseAccordingToSendersEgoModel,SurpriseAccordingToSendersAlterModelOfReceiver
0,201004,143,3,2,MY,0.6634317695174319,1.6094379124341003
1,201004,143,3,2,MY,0.6634317695174319,1.6094379124341003
2,201004,143,3,2,MY,1.6094379124341003,1.6094379124341003
3,201004,145,1,0,N,0.6634317695174319,0.2231435513142097
4,201004,145,1,2,MY,0.6634317695174319,1.6094379124341003
5,201004,145,1,2,MY,0.6634317695174319,1.6094379124341003
6,201004,145,1,2,MY,2.1232449272879514,1.6094379124341003
7,201004,178,4,0,N,0.6634317695174319,0.2231435513142097
8,201004,184,0,1,MY,0.6634317695174319,1.6094379124341003
9,201004,189,4,0,MY,0.6634317695174319,1.6094379124341003
10,201004,194,1,0,MY,0.6634317695174319,1.6094379124341003
11,201004,194,3,1,MY,0.6634317695174319,1.6094379124341003
12,201004,212,0,4,MY,2.3299800242162787,1.6094379124341003
13,201004,212,0,4,MY,0.6634317695174319,1.6094379124341003
14,201004,212,0,4,N,1.6094379124341003,0.2231435513142097
15,201004,214,1,3,Y,0.6634317695174319,1.6094379124341003
16,201004,285,1,3,Y,0.6634317695174319,0.4938605611441196
17,201004,308,2,1,MY,0.27347542232266925,1.6094379124341003
18,201004,308,2,3,Y,0.27347542232266925,1.6094379124341003
19,201004,308,2,3,Y,0.27347542232266925,0.4938605611441196
20,201004,354,1,0,Y,0.6634317695174319,0.6634317695174319
21,201004,366,4,0,Y,0.6634317695174319,0.6634317695174319
22,201017,180,4,0,N,0.8752298727070241,0.2231435513142097
23,201017,182,1,4,N,2.1232449272879514,0.2231435513142097
24,201017,183,0,4,N,2.1232449272879514,0.2231435513142097
25,201017,185,2,1,N,1.6094379124341003,0.2231435513142097
26,201017,185,2,1,N,2.1232449272879514,0.2231435513142097
27,201017,189,4,0,N,1.6094379124341003,0.2231435513142097
28,201017,189,4,0,N,0.6634317695174319,0.2231435513142097
29,201017,189,4,1,N,1.6094379124341003,0.2231435513142097
30,201017,189,4,1,N,0.8752298727070241,0.2231435513142097
31,201017,207,3,0,N,2.1232449272879514,0.2231435513142097
32,201017,207,3,0,N,1.6094379124341003,0.2231435513142097
33,201017,207,3,0,N,1.6094379124341003,0.2231435513142097
34,201017,216,1,4,N,2.1232449272879514,0.12742750599967062
35,201017,216,1,4,MY,1.6094379124341003,1.6094379124341003
36,201017,225,2,1,MY,1.6094379124341003,1.6094379124341003
37,201017,225,2,3,MY,1.6094379124341003,1.6094379124341003
38,201017,225,2,3,MY,0.6634317695174319,1.6094379124341003
39,201017,229,3,2,MY,0.6634317695174319,1.6094379124341003
40,201017,229,3,2,MY,1.6094379124341003,1.6094379124341003
41,201017,229,1,2,MY,1.6094379124341003,1.6094379124341003
42,201017,229,1,2,MY,1.6094379124341003,1.6094379124341003
43,201017,237,0,3,MY,1.6094379124341003,1.6094379124341003
44,201017,237,0,3,MY,1.6094379124341003,1.6094379124341003
45,201017,237,0,4,N,2.1232449272879514,0.12742750599967062
46,201017,237,0,4,MY,2.1232449272879514,1.6094379124341003
47,201017,244,4,1,MY,0.6634317695174319,1.6094379124341003
48,201017,274,1,2,N,2.1232449272879514,0.2231435513142097
49,201017,274,1,2,N,2.1232449272879514,0.12742750599967062
50,201017,309,4,0,MY,1.6094379124341003,1.6094379124341003
51,201017,309,4,0,MY,1.6094379124341003,1.6094379124341003
52,201017,309,4,1,MY,1.6094379124341003,1.6094379124341003
53,201017,309,4,1,MY,1.6094379124341003,1.6094379124341003
54,201017,330,3,0,MY,0.6634317695174319,1.6094379124341003
55,201017,330,3,0,MY,0.6634317695174319,1.6094379124341003
56,201017,330,3,2,N,2.1232449272879514,0.2231435513142097
57,201017,330,3,2,N,2.1232449272879514,0.12742750599967062
58,201017,331,1,4,N,2.1232449272879514,0.09345316378824942
59,201017,331,1,4,MY,1.6094379124341003,0.6634317695174319
60,201017,331,1,4,MN,2.1232449272879514,0.2231435513142097
61,201017,334,4,1,N,1.6094379124341003,0.12742750599967062
62,201017,334,4,1,N,0.8752298727070241,0.12742750599967062
63,201017,343,1,4,MN,1.6094379124341003,0.2231435513142097
64,201017,343,1,4,MY,1.6094379124341003,1.6094379124341003
65,201017,346,0,4,N,2.1232449272879514,0.09345316378824942
66,201017,346,0,4,MY,2.1232449272879514,0.6634317695174319
67,201017,346,0,4,MN,1.6094379124341003,0.2231435513142097
68,201017,346,0,4,MN,2.1232449272879514,0.2231435513142097
69,201017,346,0,4,MY,1.6094379124341003,1.6094379124341003
70,201017,348,2,1,MY,0.6634317695174319,1.6094379124341003
71,201017,348,2,1,MY,0.6634317695174319,1.6094379124341003
72,201017,348,2,1,N,1.6094379124341003,0.12742750599967062
73,201017,348,2,1,N,2.1232449272879514,0.12742750599967062
74,201017,348,2,1,Y,0.6634317695174319,0.6634317695174319
75,201017,354,1,2,Y,1.6094379124341003,0.6634317695174319
76,201017,360,4,0,Y,1.6094379124341003,0.6634317695174319
77,201017,360,4,0,Y,1.6094379124341003,0.20357590898252861
78,201017,360,4,1,Y,1.6094379124341003,0.6634317695174319
79,201017,360,4,1,Y,1.6094379124341003,0.20357590898252861
80,201017,364,2,1,Y,0.6634317695174319,0.20357590898252861
81,201017,365,3,0,Y,0.6634317695174319,0.6634317695174319
82,201017,365,3,0,Y,0.6634317695174319,0.20357590898252861
83,201017,365,3,2,Y,0.6634317695174319,0.6634317695174319
84,201017,365,3,2,Y,0.6634317695174319,0.20357590898252861
85,201017,384,0,3,Y,1.6094379124341003,0.6634317695174319
86,201017,384,0,4,Y,1.6094379124341003,0.6634317695174319
87,201024,348,0,3,N,2.1232449272879514,0.2231435513142097
88,201024,348,0,3,MY,2.1232449272879514,1.6094379124341003
89,201024,348,0,3,MY,1.6094379124341003,1.6094379124341003
90,201024,348,0,3,MY,1.6094379124341003,1.6094379124341003
91,201024,362,3,0,N,1.6094379124341003,0.2231435513142097
92,201041,192,2,1,MY,1.6094379124341003,1.6094379124341003
93,201041,201,3,1,MY,0.6634317695174319,1.6094379124341003
94,201041,205,0,2,MY,2.1232449272879514,1.6094379124341003
95,201041,205,0,2,MY,1.6094379124341003,1.6094379124341003
96,201041,206,1,2,MY,1.6094379124341003,1.6094379124341003
97,201041,206,1,2,MY,1.6094379124341003,1.6094379124341003
98,201041,208,4,0,N,2.1232449272879514,0.2231435513142097
99,201041,208,4,0,N,1.6094379124341003,0.2231435513142097
100,201041,208,4,1,MY,1.6094379124341003,1.6094379124341003
101,201041,208,4,1,N,2.1232449272879514,0.2231435513142097
102,201041,210,1,4,MY,0.6634317695174319,1.6094379124341003
103,201041,218,3,0,N,2.1232449272879514,0.2231435513142097
104,201041,218,3,0,N,1.6094379124341003,0.2231435513142097
105,201041,218,3,1,N,1.6094379124341003,0.2231435513142097
106,201041,218,3,1,Y,0.6634317695174319,0.6634317695174319
107,201041,222,1,3,N,0.8752298727070241,0.2231435513142097
108,201041,222,1,3,MY,0.6634317695174319,1.6094379124341003
109,201041,222,1,3,MY,1.6094379124341003,1.6094379124341003
110,201041,231,4,1,Y,1.6094379124341003,0.6634317695174319
111,201041,240,1,4,N,0.8752298727070241,0.2231435513142097
112,201041,240,1,4,N,1.6094379124341003,0.2231435513142097
113,201041,247,0,3,N,2.1232449272879514,0.2231435513142097
114,201041,247,0,3,MY,1.6094379124341003,1.6094379124341003
115,201041,247,0,3,MY,1.6094379124341003,1.6094379124341003
116,201041,247,0,4,MY,1.6094379124341003,1.6094379124341003
117,201041,247,0,4,N,2.1232449272879514,0.2231435513142097
118,201041,247,0,4,N,2.1232449272879514,0.2231435513142097
119,201041,253,2,0,N,2.1232449272879514,0.2231435513142097
120,201041,253,2,0,N,0.6634317695174319,0.2231435513142097
121,201041,253,2,1,N,0.6634317695174319,0.2231435513142097
122,201041,253,2,1,Y,1.6094379124341003,0.6634317695174319
123,201041,253,2,1,Y,1.6094379124341003,0.20357590898252861
124,201041,268,4,1,Y,1.6094379124341003,0.20357590898252861
125,201041,269,3,1,Y,0.6634317695174319,0.20357590898252861
126,201041,298,1,4,Y,0.6634317695174319,0.6634317695174319
127,201041,298,1,4,Y,0.6634317695174319,0.20357590898252861
128,201041,306,2,1,Y,1.6094379124341003,0.062467841641360974
129,201041,310,0,2,Y,1.6094379124341003,1.6094379124341003
130,201041,310,0,4,Y,1.6094379124341003,0.6634317695174319
131,201041,310,0,4,Y,1.6094379124341003,0.20357590898252861
132,201041,333,4,0,Y,1.6094379124341003,1.6094379124341003
133,201041,333,4,1,Y,1.6094379124341003,0.062467841641360974
134,201041,338,3,0,Y,0.6634317695174319,1.6094379124341003
135,201041,338,3,1,Y,0.6634317695174319,0.062467841641360974
136,201041,357,0,3,Y,1.6094379124341003,0.6634317695174319
137,201041,357,0,4,Y,1.6094379124341003,0.062467841641360974
138,201049,126,2,0,N,1.6094379124341003,0.2231435513142097
139,201049,126,2,0,N,0.6634317695174319,0.2231435513142097
140,201049,128,1,0,N,1.6094379124341003,0.2231435513142097
141,201049,128,1,0,N,0.6634317695174319,0.2231435513142097
142,201049,132,3,0,N,0.6634317695174319,0.2231435513142097
143,201049,132,3,0,N,0.6634317695174319,0.2231435513142097
144,201049,138,0,3,Y,2.1232449272879514,1.6094379124341003
145,201049,144,4,0,N,1.6094379124341003,0.2231435513142097
146,201049,144,4,0,N,0.6634317695174319,0.2231435513142097
147,201049,145,1,3,Y,1.6094379124341003,1.6094379124341003
148,201049,159,0,4,N,0.6634317695174319,0.2231435513142097
149,201049,189,0,3,MY,1.6094379124341003,1.6094379124341003
150,201049,189,0,4,MY,1.6094379124341003,1.6094379124341003
151,201049,202,3,0,MY,0.6634317695174319,1.6094379124341003
152,201049,219,1,0,MY,0.6634317695174319,1.6094379124341003
153,201049,219,1,3,MY,0.6634317695174319,1.6094379124341003
154,201049,219,1,3,MY,0.6634317695174319,0.6634317695174319
155,201049,226,4,0,MY,1.6094379124341003,1.6094379124341003
156,201049,230,2,0,MY,1.6094379124341003,1.6094379124341003
157,201049,230,2,1,Y,1.6094379124341003,1.6094379124341003
158,201049,230,2,3,Y,1.6094379124341003,1.6094379124341003
159,201049,230,2,3,MY,1.6094379124341003,1.6094379124341003
160,201049,230,2,3,MY,1.6094379124341003,0.6634317695174319
161,201049,238,0,1,Y,1.6094379124341003,1.6094379124341003
162,201049,238,0,2,Y,1.6094379124341003,1.6094379124341003
163,201049,238,0,3,MY,1.6094379124341003,0.6634317695174319
164,201049,241,1,0,Y,0.6634317695174319,0.6634317695174319
165,201049,241,1,2,Y,0.6634317695174319,1.6094379124341003
166,201049,241,0,1,Y,1.6094379124341003,0.4938605611441196
167,201049,244,3,0,Y,0.6634317695174319,0.6634317695174319
168,201049,244,3,0,Y,0.6634317695174319,0.20357590898252861
169,201049,244,3,1,Y,0.6634317695174319,1.6094379124341003
170,201049,244,3,1,Y,0.6634317695174319,0.4938605611441196
171,201049,244,3,2,Y,0.6634317695174319,1.6094379124341003
172,201049,259,4,0,Y,1.6094379124341003,0.6634317695174319
173,201049,259,4,0,Y,1.6094379124341003,0.20357590898252861
174,201049,299,1,0,Y,0.6634317695174319,0.20357590898252861
175,201049,299,1,3,Y,0.6634317695174319,0.27347542232266925
176,201049,299,1,3,Y,0.6634317695174319,0.08391670438727078
177,201049,299,1,3,Y,0.6634317695174319,0.02575007733935164
178,201049,311,3,1,Y,0.6634317695174319,0.15154250559732058
179,201049,323,1,3,Y,0.6634317695174319,0.007901483832379534
180,201049,328,0,1,Y,1.6094379124341003,0.15154250559732058
181,201049,328,0,1,Y,1.6094379124341003,0.04650124510754813
182,201049,328,0,3,Y,1.6094379124341003,0.27347542232266925
183,201049,328,0,3,Y,1.6094379124341003,0.08391670438727078
184,201049,328,0,3,Y,1.6094379124341003,0.02575007733935164
185,201049,328,0,3,Y,1.6094379124341003,0.007901483832379534
186,201049,328,0,4,Y,1.6094379124341003,0.6634317695174319
187,201049,335,2,0,Y,1.6094379124341003,0.6634317695174319
188,201049,335,2,0,Y,1.6094379124341003,0.20357590898252861
189,201049,335,2,0,Y,1.6094379124341003,0.062467841641360974
190,201049,335,2,1,Y,1.6094379124341003,0.4938605611441196
191,201049,335,2,1,Y,1.6094379124341003,0.15154250559732058
192,201049,335,2,1,Y,1.6094379124341003,0.04650124510754813
193,201049,335,2,3,Y,1.6094379124341003,0.27347542232266925
194,201049,335,2,3,Y,1.6094379124341003,0.08391670438727078
195,201049,335,2,3,Y,1.6094379124341003,0.02575007733935164
196,201049,335,2,3,Y,1.6094379124341003,0.007901483832379534
197,201055,180,0,3,N,1.6094379124341003,0.2231435513142097
198,201055,263,1,2,MY,2.1232449272879514,1.6094379124341003
199,201055,276,0,2,MY,1.6094379124341003,1.6094379124341003
200,201055,276,0,4,MY,0.6634317695174319,1.6094379124341003
201,201055,276,0,4,MY,2.3299800242162787,1.6094379124341003
202,201055,276,0,4,MY,1.6094379124341003,1.6094379124341003
203,201055,276,0,4,MY,0.6634317695174319,0.6634317695174319
204,201055,359,2,1,Y,0.6634317695174319,1.6094379124341003
205,201055,363,0,1,Y,1.6094379124341003,1.6094379124341003
206,201055,363,0,2,Y,1.6094379124341003,0.6634317695174319
207,201055,363,0,3,MY,0.6634317695174319,1.6094379124341003
208,201055,363,0,3,MY,2.3299800242162787,1.6094379124341003
209,201055,363,0,4,Y,0.6634317695174319,0.27347542232266925
210,201055,368,4,0,Y,0.27347542232266925,1.6094379124341003
211,201055,377,2,0,Y,0.6634317695174319,1.6094379124341003
212,201061,163,1,3,N,0.6634317695174319,0.2231435513142097
213,201061,166,3,1,MY,2.3299800242162787,1.6094379124341003
214,201061,167,4,1,MY,0.6634317695174319,1.6094379124341003
215,201061,168,2,1,MY,0.6634317695174319,1.6094379124341003
216,201061,178,0,3,N,0.6634317695174319,0.2231435513142097
217,201061,179,3,0,MY,0.6634317695174319,1.6094379124341003
218,201061,189,4,0,MY,0.6634317695174319,1.6094379124341003
219,201061,190,2,0,MY,0.6634317695174319,1.6094379124341003
220,201061,196,0,3,Y,0.27347542232266925,1.6094379124341003
221,201061,196,0,4,MY,0.6634317695174319,1.6094379124341003
222,201061,196,0,4,MY,0.27347542232266925,1.6094379124341003
223,201061,210,1,2,MY,0.6634317695174319,1.6094379124341003
224,201061,210,1,2,MY,0.6634317695174319,1.6094379124341003
225,201061,210,1,3,Y,0.6634317695174319,1.6094379124341003
226,201061,210,1,4,MY,0.6634317695174319,1.6094379124341003
227,201061,210,1,4,MY,0.6634317695174319,1.6094379124341003
228,201061,245,1,2,MY,0.6634317695174319,0.6634317695174319
229,201061,245,1,2,MY,0.6634317695174319,0.6634317695174319
230,201061,245,1,4,Y,0.6634317695174319,0.6634317695174319
231,201061,255,2,1,Y,0.6634317695174319,1.6094379124341003
232,201061,263,3,1,Y,0.6634317695174319,1.6094379124341003
233,201061,299,1,2,Y,0.6634317695174319,0.27347542232266925
234,201061,299,1,3,Y,0.6634317695174319,0.4938605611441196
235,201061,336,4,1,Y,0.6634317695174319,1.6094379124341003
236,201061,360,1,2,Y,0.6634317695174319,0.08391670438727078
237,201061,360,1,4,MY,0.6634317695174319,0.20357590898252861
238,201061,360,1,4,MY,0.6634317695174319,0.6634317695174319
239,201082,204,4,0,MY,1.6094379124341003,1.6094379124341003
240,201082,205,2,0,MY,1.6094379124341003,1.6094379124341003
241,201082,230,1,0,MY,2.1232449272879514,1.6094379124341003
242,201082,240,3,0,MY,0.6634317695174319,1.6094379124341003
243,201082,262,2,3,MY,1.6094379124341003,1.6094379124341003
244,201082,262,2,3,MY,0.6634317695174319,1.6094379124341003
245,201082,262,2,4,MY,1.6094379124341003,1.6094379124341003
246,201082,262,1,3,MY,2.1232449272879514,1.6094379124341003
247,201082,262,1,3,MY,1.6094379124341003,1.6094379124341003
248,201082,262,1,4,MY,1.6094379124341003,1.6094379124341003
249,201082,271,0,3,MY,1.6094379124341003,1.6094379124341003
250,201082,271,0,3,MY,1.6094379124341003,1.6094379124341003
251,201082,271,0,4,MY,2.1232449272879514,1.6094379124341003
252,201082,308,3,1,N,0.6634317695174319,0.2231435513142097
253,201082,308,3,1,N,2.1232449272879514,0.2231435513142097
254,201082,308,3,1,N,2.1232449272879514,0.2231435513142097
255,201082,332,2,1,N,1.6094379124341003,0.2231435513142097
256,201082,332,2,1,N,0.8752298727070241,0.2231435513142097
257,201082,332,2,1,N,2.1232449272879514,0.2231435513142097
258,201082,332,2,3,Y,0.6634317695174319,0.6634317695174319
259,201082,339,1,3,Y,1.6094379124341003,0.6634317695174319
260,201082,341,4,1,N,1.6094379124341003,0.2231435513142097
261,201082,341,4,1,N,2.1232449272879514,0.2231435513142097
262,201082,341,4,1,N,0.8752298727070241,0.2231435513142097
263,201082,341,4,1,Y,1.6094379124341003,1.6094379124341003
264,201082,352,3,1,Y,0.6634317695174319,1.6094379124341003
265,201082,358,2,1,Y,0.6634317695174319,1.6094379124341003
266,201082,358,2,4,MY,1.6094379124341003,0.6634317695174319
267,201082,358,2,4,N,2.1232449272879514,0.2231435513142097
268,201082,369,1,4,MY,1.6094379124341003,0.6634317695174319
269,201082,369,1,4,N,2.1232449272879514,0.2231435513142097
270,201082,374,3,1,Y,0.6634317695174319,0.4938605611441196
271,201082,377,1,3,Y,1.6094379124341003,0.20357590898252861
272,201085,162,2,1,MY,0.6634317695174319,1.6094379124341003
273,201085,190,3,1,MY,0.6634317695174319,1.6094379124341003
274,201085,220,4,1,MY,0.6634317695174319,1.6094379124341003
275,201085,259,0,1,MY,0.6634317695174319,1.6094379124341003
276,201085,259,0,3,MY,0.6634317695174319,1.6094379124341003
277,201085,259,0,3,MY,0.6634317695174319,1.6094379124341003
278,201085,290,2,3,MY,0.6634317695174319,1.6094379124341003
279,201085,290,2,3,MY,0.6634317695174319,1.6094379124341003
280,201085,295,1,3,MY,0.6634317695174319,1.6094379124341003
281,201085,295,1,3,MY,0.27347542232266925,1.6094379124341003
282,201085,332,4,3,MY,2.3299800242162787,1.6094379124341003
283,201085,332,4,3,MY,0.6634317695174319,1.6094379124341003
284,201085,339,1,4,MY,0.6634317695174319,1.6094379124341003
285,201085,339,1,4,MY,0.27347542232266925,1.6094379124341003
286,201085,340,3,1,MY,0.6634317695174319,0.6634317695174319
287,201085,340,3,4,MY,0.6634317695174319,1.6094379124341003
288,201085,340,3,4,MY,0.6634317695174319,1.6094379124341003
289,201085,342,2,1,MY,0.6634317695174319,0.6634317695174319
290,201085,342,2,3,MY,0.6634317695174319,0.6634317695174319
291,201085,342,2,4,MY,0.6634317695174319,1.6094379124341003
292,201085,342,2,4,MY,0.6634317695174319,1.6094379124341003
293,201085,355,3,2,MY,0.6634317695174319,1.6094379124341003
294,201085,355,3,2,MY,1.6094379124341003,1.6094379124341003
295,201085,355,3,2,MY,2.1232449272879514,1.6094379124341003
296,201085,372,1,2,MY,0.27347542232266925,1.6094379124341003
297,201085,372,1,2,MY,1.6094379124341003,1.6094379124341003
298,201085,372,1,2,MY,1.6094379124341003,1.6094379124341003
299,201085,372,1,3,MY,0.27347542232266925,0.6634317695174319
300,201085,372,1,3,MY,0.6634317695174319,0.6634317695174319
301,201085,372,1,3,MY,0.27347542232266925,0.27347542232266925
302,201085,379,4,1,MY,0.6634317695174319,0.6634317695174319
303,201085,379,4,1,MY,0.6634317695174319,0.27347542232266925
304,201085,379,4,2,MY,0.6634317695174319,1.6094379124341003
305,201085,379,4,2,MY,1.6094379124341003,1.6094379124341003
306,201085,379,4,2,MY,1.6094379124341003,1.6094379124341003
307,201085,379,4,3,MY,0.6634317695174319,0.6634317695174319
308,201085,379,4,3,MY,2.3299800242162787,0.6634317695174319
309,201085,379,4,3,MY,0.6634317695174319,0.27347542232266925
310,201102,189,2,1,MY,0.6634317695174319,1.6094379124341003
311,201102,192,0,1,MY,0.6634317695174319,1.6094379124341003
312,201102,192,0,3,MY,0.6634317695174319,1.6094379124341003
313,201102,194,3,0,Y,0.6634317695174319,1.6094379124341003
314,201102,198,4,0,Y,0.27347542232266925,1.6094379124341003
315,201102,211,1,0,Y,0.6634317695174319,1.6094379124341003
316,201102,224,2,1,Y,0.6634317695174319,0.6634317695174319
317,201102,236,0,1,Y,0.6634317695174319,0.6634317695174319
318,201102,243,1,0,Y,0.6634317695174319,0.4938605611441196
319,201102,243,1,2,MY,0.6634317695174319,1.6094379124341003
320,201102,245,2,1,Y,0.6634317695174319,0.20357590898252861
321,201102,250,3,0,Y,0.6634317695174319,0.4938605611441196
322,201102,256,4,0,Y,0.27347542232266925,0.4938605611441196
323,201102,277,0,1,Y,0.6634317695174319,0.20357590898252861
324,201102,333,2,1,Y,0.6634317695174319,0.062467841641360974
325,201102,344,0,1,Y,0.6634317695174319,0.062467841641360974
326,201102,377,0,4,MY,0.6634317695174319,1.6094379124341003
327,201110,168,4,0,MY,0.6634317695174319,1.6094379124341003
328,201110,168,4,0,MY,2.3299800242162787,1.6094379124341003
329,201110,177,0,4,N,0.6634317695174319,0.2231435513142097
330,201110,178,1,0,MY,0.27347542232266925,1.6094379124341003
331,201110,178,1,0,MY,0.6634317695174319,1.6094379124341003
332,201110,178,1,0,MY,1.6094379124341003,1.6094379124341003
333,201110,178,1,0,MY,1.6094379124341003,1.6094379124341003
334,201110,180,2,0,MY,0.6634317695174319,1.6094379124341003
335,201110,180,2,0,MY,0.6634317695174319,1.6094379124341003
336,201110,180,2,0,MY,2.1232449272879514,1.6094379124341003
337,201110,180,2,0,MY,1.6094379124341003,1.6094379124341003
338,201110,201,1,2,N,1.6094379124341003,0.2231435513142097
339,201110,202,3,1,MY,0.6634317695174319,1.6094379124341003
340,201110,204,4,0,MY,1.6094379124341003,1.6094379124341003
341,201110,204,4,0,MY,2.1232449272879514,1.6094379124341003
342,201110,223,0,1,MY,0.6634317695174319,1.6094379124341003
343,201110,223,0,2,N,0.6634317695174319,0.2231435513142097
344,201110,239,2,1,MY,0.6634317695174319,1.6094379124341003
345,201110,243,1,3,MY,0.27347542232266925,1.6094379124341003
346,201110,243,1,3,MY,0.6634317695174319,1.6094379124341003
347,201110,292,3,1,MY,0.6634317695174319,0.6634317695174319
348,201110,308,0,1,MY,0.6634317695174319,0.6634317695174319
349,201110,308,0,4,N,0.6634317695174319,0.2231435513142097
350,201110,328,0,4,Y,0.6634317695174319,1.6094379124341003
351,201110,328,0,4,N,0.6634317695174319,0.12742750599967062
352,201110,332,1,0,Y,0.6634317695174319,0.6634317695174319
353,201110,338,0,1,Y,0.6634317695174319,0.27347542232266925
354,201110,340,3,1,Y,0.6634317695174319,0.27347542232266925
355,201110,347,4,0,Y,2.3299800242162787,0.6634317695174319
356,201110,347,4,0,Y,0.6634317695174319,0.6634317695174319
357,201110,354,2,0,Y,0.6634317695174319,0.6634317695174319
358,201110,354,2,0,Y,0.6634317695174319,0.6634317695174319
359,201110,354,2,1,MY,0.6634317695174319,0.6634317695174319
360,201110,354,2,1,Y,0.6634317695174319,0.27347542232266925
361,201110,363,0,4,Y,0.6634317695174319,0.4938605611441196
362,201110,386,1,0,Y,0.27347542232266925,0.6634317695174319
363,201147,159,1,4,N,2.1232449272879514,0.2231435513142097
364,201147,159,1,4,N,1.6094379124341003,0.2231435513142097
365,201147,161,0,4,N,2.1232449272879514,0.2231435513142097
366,201147,161,0,4,N,1.6094379124341003,0.2231435513142097
367,201147,167,1,0,N,2.1232449272879514,0.2231435513142097
368,201147,178,2,0,N,0.8752298727070241,0.2231435513142097
369,201147,184,4,0,N,2.1232449272879514,0.2231435513142097
370,201147,184,4,1,N,2.1232449272879514,0.2231435513142097
371,201147,184,4,1,MY,1.6094379124341003,1.6094379124341003
372,201147,184,4,1,MY,1.6094379124341003,1.6094379124341003
373,201147,196,3,0,N,2.1232449272879514,0.2231435513142097
374,201147,196,3,2,MY,1.6094379124341003,1.6094379124341003
375,201147,199,0,1,N,2.1232449272879514,0.2231435513142097
376,201147,199,0,1,MY,1.6094379124341003,1.6094379124341003
377,201147,199,0,1,MY,2.1232449272879514,1.6094379124341003
378,201147,199,0,2,MY,1.6094379124341003,1.6094379124341003
379,201147,199,0,3,MY,1.6094379124341003,1.6094379124341003
380,201147,199,0,3,MY,2.1232449272879514,1.6094379124341003
381,201147,212,2,3,MY,1.6094379124341003,1.6094379124341003
382,201147,212,2,3,MY,1.6094379124341003,1.6094379124341003
383,201147,260,1,4,MY,0.6634317695174319,1.6094379124341003
384,201147,308,4,1,MY,1.6094379124341003,0.6634317695174319
385,201147,308,4,1,MY,1.6094379124341003,0.6634317695174319
386,201147,314,0,1,MY,1.6094379124341003,0.6634317695174319
387,201147,314,0,1,MY,2.1232449272879514,0.6634317695174319
388,201147,314,0,4,MY,2.1232449272879514,1.6094379124341003
389,201147,314,0,4,Y,2.1232449272879514,0.6634317695174319
390,201147,323,3,0,MY,0.6634317695174319,1.6094379124341003
391,201147,323,3,0,N,1.6094379124341003,0.2231435513142097
392,201147,323,3,0,N,1.6094379124341003,0.2231435513142097
393,201147,337,4,0,MY,2.1232449272879514,1.6094379124341003
394,201147,337,4,0,N,1.6094379124341003,0.2231435513142097
395,201147,337,4,0,N,1.6094379124341003,0.2231435513142097
396,201147,339,0,4,N,1.6094379124341003,0.12742750599967062
397,201147,341,1,0,MY,1.6094379124341003,1.6094379124341003
398,201147,341,1,0,N,0.6634317695174319,0.2231435513142097
399,201147,341,1,0,N,0.6634317695174319,0.2231435513142097
400,201147,341,1,4,Y,0.6634317695174319,0.6634317695174319
401,201147,341,1,4,N,1.6094379124341003,0.12742750599967062
402,201147,341,2,0,MY,1.6094379124341003,1.6094379124341003
403,201147,341,2,0,N,0.6634317695174319,0.2231435513142097
404,201147,341,2,0,N,1.6094379124341003,0.2231435513142097
405,201161,235,0,4,N,2.1232449272879514,0.2231435513142097
406,201161,235,0,4,MY,1.6094379124341003,1.6094379124341003
407,201161,235,0,4,MY,1.6094379124341003,1.6094379124341003
408,201161,245,1,0,N,0.8752298727070241,0.2231435513142097
409,201161,245,1,0,MY,1.6094379124341003,1.6094379124341003
410,201161,245,1,0,MY,1.6094379124341003,1.6094379124341003
411,201161,245,1,4,N,0.8752298727070241,0.2231435513142097
412,201161,245,1,4,MY,1.6094379124341003,1.6094379124341003
413,201161,245,1,4,MY,1.6094379124341003,1.6094379124341003
414,201161,248,4,0,N,2.1232449272879514,0.2231435513142097
415,201161,248,4,0,MY,0.6634317695174319,1.6094379124341003
416,201161,248,4,0,MY,0.6634317695174319,1.6094379124341003
417,201161,248,4,1,N,2.1232449272879514,0.2231435513142097
418,201161,248,4,1,MY,0.6634317695174319,1.6094379124341003
419,201161,248,4,1,MY,0.6634317695174319,1.6094379124341003
420,201161,259,3,0,N,2.1232449272879514,0.2231435513142097
421,201161,259,3,0,MY,1.6094379124341003,1.6094379124341003
422,201161,259,3,0,MY,2.1232449272879514,1.6094379124341003
423,201161,259,3,1,N,2.1232449272879514,0.2231435513142097
424,201161,259,3,1,MY,1.6094379124341003,1.6094379124341003
425,201161,259,3,1,MY,2.1232449272879514,1.6094379124341003
426,201161,261,2,0,N,2.1232449272879514,0.2231435513142097
427,201161,261,2,0,MY,0.6634317695174319,1.6094379124341003
428,201161,261,2,0,MY,1.6094379124341003,1.6094379124341003
429,201161,261,2,1,N,2.1232449272879514,0.2231435513142097
430,201161,261,2,1,MY,0.6634317695174319,1.6094379124341003
431,201161,261,2,1,MY,1.6094379124341003,1.6094379124341003
432,201161,308,0,1,N,2.1232449272879514,0.2231435513142097
433,201161,308,0,1,MY,1.6094379124341003,1.6094379124341003
434,201161,308,0,1,MY,1.6094379124341003,1.6094379124341003
435,201183,159,2,3,MY,0.27347542232266925,1.6094379124341003
436,201183,163,1,2,MY,0.6634317695174319,1.6094379124341003
437,201183,163,1,3,MY,0.6634317695174319,1.6094379124341003
438,201183,175,2,1,MY,0.27347542232266925,1.6094379124341003
439,201183,184,0,1,MY,0.6634317695174319,1.6094379124341003
440,201183,184,0,2,MY,0.6634317695174319,1.6094379124341003
441,201183,184,0,3,MY,0.6634317695174319,1.6094379124341003
442,201183,193,1,0,MY,0.6634317695174319,1.6094379124341003
443,201183,194,3,0,MY,0.6634317695174319,1.6094379124341003
444,201183,194,3,1,MY,0.6634317695174319,1.6094379124341003
445,201183,194,3,2,MY,0.6634317695174319,1.6094379124341003
446,201183,224,2,0,MY,0.27347542232266925,1.6094379124341003
447,201183,289,2,3,Y,0.27347542232266925,0.6634317695174319
448,201183,291,4,0,MY,0.6634317695174319,1.6094379124341003
449,201183,292,1,2,Y,0.6634317695174319,0.6634317695174319
450,201183,292,1,3,Y,0.6634317695174319,0.6634317695174319
451,201183,296,0,2,Y,0.6634317695174319,0.6634317695174319
452,201183,296,0,3,Y,0.6634317695174319,0.6634317695174319
453,201183,296,0,4,Y,0.6634317695174319,1.6094379124341003
454,201233,188,2,0,MY,0.6634317695174319,1.6094379124341003
455,201233,188,2,0,MY,0.6634317695174319,1.6094379124341003
456,201233,190,4,0,MY,0.6634317695174319,1.6094379124341003
457,201233,190,4,0,MY,0.27347542232266925,1.6094379124341003
458,201233,197,1,2,Y,0.6634317695174319,1.6094379124341003
459,201233,197,1,3,MY,2.3299800242162787,1.6094379124341003
460,201233,197,1,3,MY,0.6634317695174319,1.6094379124341003
461,201233,198,3,1,Y,0.6634317695174319,1.6094379124341003
462,201233,200,0,2,Y,0.6634317695174319,1.6094379124341003
463,201233,200,0,4,Y,0.6634317695174319,1.6094379124341003
464,201233,203,2,1,Y,0.6634317695174319,1.6094379124341003
465,201233,206,1,2,Y,0.6634317695174319,0.4938605611441196
466,201233,226,3,1,Y,0.6634317695174319,0.4938605611441196
467,201233,256,0,2,Y,0.6634317695174319,0.4938605611441196
468,201233,297,1,3,MY,0.6634317695174319,0.6634317695174319
469,201233,305,3,1,Y,0.6634317695174319,0.15154250559732058
470,201233,309,1,3,Y,0.6634317695174319,0.27347542232266925
471,201233,316,3,1,Y,0.6634317695174319,0.04650124510754813
472,201233,319,2,1,Y,0.6634317695174319,0.4938605611441196
473,201233,319,2,1,Y,0.6634317695174319,0.15154250559732058
474,201233,319,2,1,Y,0.6634317695174319,0.04650124510754813
475,201240,164,0,4,MY,1.6094379124341003,1.6094379124341003
476,201240,198,1,3,MY,1.6094379124341003,1.6094379124341003
477,201240,198,1,3,MY,1.6094379124341003,1.6094379124341003
478,201240,201,2,1,MY,1.6094379124341003,1.6094379124341003
479,201240,201,2,1,MY,1.6094379124341003,1.6094379124341003
480,201240,201,2,1,MY,0.6634317695174319,1.6094379124341003
481,201240,201,2,3,MY,1.6094379124341003,1.6094379124341003
482,201240,201,2,3,MY,0.6634317695174319,1.6094379124341003
483,201240,214,0,1,MY,2.1232449272879514,1.6094379124341003
484,201240,214,0,1,MY,1.6094379124341003,1.6094379124341003
485,201240,214,0,1,MY,1.6094379124341003,1.6094379124341003
486,201240,214,0,4,MY,2.1232449272879514,1.6094379124341003
487,201240,214,0,4,MY,1.6094379124341003,1.6094379124341003
488,201240,215,3,1,MY,1.6094379124341003,1.6094379124341003
489,201240,215,3,1,MY,2.1232449272879514,1.6094379124341003
490,201240,215,3,1,MY,1.6094379124341003,1.6094379124341003
491,201240,215,3,2,Y,1.6094379124341003,1.6094379124341003
492,201240,238,2,3,Y,0.6634317695174319,0.6634317695174319
493,201240,245,1,2,Y,1.6094379124341003,1.6094379124341003
494,201240,245,1,3,Y,1.6094379124341003,0.6634317695174319
495,201240,249,3,1,MY,1.6094379124341003,0.6634317695174319
496,201240,262,0,1,MY,1.6094379124341003,0.6634317695174319
497,201240,262,0,4,MY,1.6094379124341003,0.6634317695174319
498,201240,270,2,1,MY,0.6634317695174319,0.6634317695174319
499,201240,284,4,0,MY,0.6634317695174319,1.6094379124341003
500,201240,289,1,0,MY,1.6094379124341003,1.6094379124341003
501,201240,325,0,4,Y,1.6094379124341003,0.6634317695174319
502,201240,380,1,0,Y,0.6634317695174319,1.6094379124341003
503,201240,382,4,0,Y,1.6094379124341003,1.6094379124341003
504,201301,183,2,1,MY,1.6094379124341003,1.6094379124341003
505,201301,183,2,1,MY,2.1232449272879514,1.6094379124341003
506,201301,184,0,1,MY,2.1232449272879514,1.6094379124341003
507,201301,184,0,1,MY,2.1232449272879514,1.6094379124341003
508,201301,185,4,0,Y,0.6634317695174319,1.6094379124341003
509,201301,199,3,0,Y,0.6634317695174319,1.6094379124341003
510,201301,200,1,0,Y,1.6094379124341003,1.6094379124341003
511,201301,254,0,4,Y,1.6094379124341003,1.6094379124341003
512,201301,283,3,0,Y,0.6634317695174319,0.4938605611441196
513,201301,288,1,0,Y,1.6094379124341003,0.4938605611441196
514,201301,293,2,0,Y,1.6094379124341003,1.6094379124341003
515,201301,293,2,0,Y,1.6094379124341003,0.4938605611441196
516,201301,299,4,0,Y,0.6634317695174319,0.4938605611441196
517,201301,304,1,2,Y,1.6094379124341003,1.6094379124341003
518,201301,340,0,2,Y,1.6094379124341003,1.6094379124341003
519,201310,169,0,4,N,2.1232449272879514,0.2231435513142097
520,201310,171,4,0,MY,1.6094379124341003,1.6094379124341003
521,201310,171,4,0,MY,1.6094379124341003,1.6094379124341003
522,201310,178,1,0,MY,0.6634317695174319,1.6094379124341003
523,201310,178,1,0,MY,0.6634317695174319,1.6094379124341003
524,201310,189,1,0,N,2.1232449272879514,0.2231435513142097
525,201310,189,1,0,N,0.6634317695174319,0.7237727108412043
526,201310,196,4,0,N,0.8752298727070241,0.2231435513142097
527,201310,196,4,0,N,1.6094379124341003,0.7237727108412043
528,201310,209,2,1,N,2.1232449272879514,0.2231435513142097
529,201310,209,2,1,N,1.6094379124341003,0.2231435513142097
530,201310,214,1,2,N,2.1232449272879514,0.2231435513142097
531,201310,214,1,2,N,0.6634317695174319,0.2231435513142097
532,201310,215,0,1,N,2.1232449272879514,0.2231435513142097
533,201310,215,0,1,N,2.1232449272879514,0.2231435513142097
534,201310,215,0,4,MY,1.6094379124341003,1.6094379124341003
535,201310,226,1,0,MY,2.1232449272879514,2.1232449272879514
536,201310,226,1,0,N,1.6094379124341003,0.2231435513142097
537,201310,230,3,1,N,2.1232449272879514,0.2231435513142097
538,201310,230,3,1,N,1.6094379124341003,0.2231435513142097
539,201310,230,3,2,N,2.1232449272879514,0.2231435513142097
540,201310,230,3,2,N,1.6094379124341003,0.2231435513142097
541,201310,253,4,0,MY,0.8752298727070241,2.1232449272879514
542,201310,253,4,0,N,0.6634317695174319,0.2231435513142097
543,201310,268,0,4,N,2.1232449272879514,0.12742750599967062
544,201310,300,2,3,MY,1.6094379124341003,1.6094379124341003
545,201310,300,2,3,MY,1.6094379124341003,1.6094379124341003
546,201310,303,1,3,MY,1.6094379124341003,1.6094379124341003
547,201310,303,1,3,MY,1.6094379124341003,1.6094379124341003
548,201310,307,0,4,MY,2.1232449272879514,2.4166576030402025
549,201310,307,0,4,MY,1.6094379124341003,0.6634317695174319
550,201310,340,0,1,Y,2.1232449272879514,1.6094379124341003
551,201310,357,4,0,N,0.8752298727070241,0.539167153276795
552,201310,357,4,0,N,1.6094379124341003,0.2231435513142097
553,201310,363,3,1,Y,0.6634317695174319,1.6094379124341003
554,201310,370,0,4,N,2.1232449272879514,0.4609059163090081
555,201310,370,0,4,N,2.1232449272879514,0.2231435513142097
556,201351,159,3,0,MY,1.6094379124341003,1.6094379124341003
557,201351,159,3,0,MY,0.6634317695174319,1.6094379124341003
558,201351,161,4,0,MY,0.6634317695174319,1.6094379124341003
559,201351,161,4,0,MY,0.6634317695174319,1.6094379124341003
560,201351,172,2,3,N,2.1232449272879514,0.2231435513142097
561,201351,175,0,3,N,2.1232449272879514,0.2231435513142097
562,201351,229,2,3,N,1.6094379124341003,0.2231435513142097
563,201351,229,2,3,N,1.6094379124341003,0.2231435513142097
564,201351,237,0,3,N,1.6094379124341003,0.2231435513142097
565,201351,237,0,3,N,2.1232449272879514,0.2231435513142097
566,201351,283,2,3,N,2.1232449272879514,0.12742750599967062
567,201351,284,0,3,N,2.1232449272879514,0.12742750599967062
568,201351,285,1,2,N,0.8752298727070241,0.2231435513142097
569,201351,288,3,0,Y,0.6634317695174319,0.6634317695174319
570,201351,288,3,2,N,2.1232449272879514,0.2231435513142097
571,201351,338,4,0,Y,0.6634317695174319,0.6634317695174319
572,201351,338,4,1,N,2.1232449272879514,0.2231435513142097
573,201351,338,4,1,MY,1.6094379124341003,1.6094379124341003
574,201351,360,2,1,N,2.1232449272879514,0.2231435513142097
575,201351,360,2,1,MY,1.6094379124341003,1.6094379124341003
576,201351,360,2,3,N,1.6094379124341003,0.12742750599967062
577,201351,360,2,3,N,1.6094379124341003,0.12742750599967062
578,201351,360,2,3,N,2.1232449272879514,0.09345316378824942
579,201351,360,2,3,N,1.6094379124341003,0.09345316378824942
580,201351,360,2,3,N,1.6094379124341003,0.09345316378824942
581,201351,368,3,2,N,1.6094379124341003,0.2231435513142097
582,201351,368,3,2,N,2.1232449272879514,0.12742750599967062
583,201351,373,0,3,N,1.6094379124341003,0.12742750599967062
584,201351,373,0,3,N,2.1232449272879514,0.12742750599967062
585,201351,373,0,3,N,2.1232449272879514,0.09345316378824942
586,201351,373,0,3,N,1.6094379124341003,0.09345316378824942
587,201351,373,0,3,N,2.1232449272879514,0.09345316378824942
588,201351,373,0,4,MY,2.1232449272879514,1.6094379124341003
589,201456,190,0,4,MY,0.6634317695174319,1.6094379124341003
590,201456,190,0,4,MY,0.6634317695174319,1.6094379124341003
591,201456,202,2,0,MY,1.6094379124341003,1.6094379124341003
592,201456,202,2,0,MY,1.6094379124341003,1.6094379124341003
593,201456,208,0,2,MY,0.6634317695174319,1.6094379124341003
594,201456,215,0,2,MY,0.6634317695174319,0.6634317695174319
595,201456,233,4,0,MY,2.1232449272879514,1.6094379124341003
596,201456,233,4,0,MY,2.1232449272879514,1.6094379124341003
597,201456,328,1,2,MY,0.6634317695174319,1.6094379124341003
598,201456,328,1,2,MY,0.6634317695174319,0.6634317695174319
599,201456,377,4,0,MY,2.1232449272879514,0.6634317695174319
600,201456,377,4,0,MY,2.1232449272879514,0.6634317695174319
601,201456,379,2,0,MY,1.6094379124341003,0.6634317695174319
602,201456,379,2,0,MY,1.6094379124341003,0.6634317695174319
603,201462,216,1,3,N,2.1232449272879514,0.2231435513142097
604,201462,216,1,3,N,0.8752298727070241,0.2231435513142097
605,201462,216,1,4,MY,0.6634317695174319,1.6094379124341003
606,201462,216,1,4,MY,1.6094379124341003,1.6094379124341003
607,201462,235,2,3,N,2.1232449272879514,0.2231435513142097
608,201462,235,2,3,N,2.1232449272879514,0.2231435513142097
609,201462,235,2,4,MY,1.6094379124341003,1.6094379124341003
610,201462,235,2,4,MY,0.6634317695174319,1.6094379124341003
611,201462,255,4,1,MY,1.6094379124341003,1.6094379124341003
612,201462,255,4,1,MY,1.6094379124341003,1.6094379124341003
613,201462,275,0,1,MY,1.6094379124341003,1.6094379124341003
614,201462,275,0,1,MY,0.6634317695174319,1.6094379124341003
615,201462,275,0,3,N,0.8752298727070241,0.2231435513142097
616,201462,275,0,3,N,2.1232449272879514,0.2231435513142097
617,201462,275,0,4,MY,1.6094379124341003,1.6094379124341003
618,201462,275,0,4,MY,0.6634317695174319,1.6094379124341003
619,201462,281,3,1,MY,2.1232449272879514,1.6094379124341003
620,201462,281,3,1,MY,1.6094379124341003,1.6094379124341003
621,201462,287,2,1,MY,1.6094379124341003,1.6094379124341003
622,201462,287,2,1,MY,0.6634317695174319,1.6094379124341003
623,201462,307,0,4,MY,1.6094379124341003,0.6634317695174319
624,201462,307,0,4,MY,0.6634317695174319,0.6634317695174319
625,201462,324,3,0,Y,1.6094379124341003,1.6094379124341003
626,201462,331,2,0,Y,0.6634317695174319,1.6094379124341003
627,201462,331,2,3,MY,0.6634317695174319,1.6094379124341003
628,201462,331,2,3,MY,0.6634317695174319,1.6094379124341003
629,201462,331,2,4,MY,1.6094379124341003,0.6634317695174319
630,201462,331,2,4,MY,0.6634317695174319,0.6634317695174319
631,201462,331,4,0,Y,1.6094379124341003,1.6094379124341003
632,201462,331,4,2,MY,2.1232449272879514,1.6094379124341003
633,201462,350,3,2,MY,2.1232449272879514,1.6094379124341003
634,201462,381,0,2,MY,0.8752298727070241,1.6094379124341003
635,201462,381,0,3,MY,1.6094379124341003,1.6094379124341003
636,201462,381,0,3,MY,0.6634317695174319,1.6094379124341003
637,201462,381,0,3,Y,0.6634317695174319,0.6634317695174319
638,201493,190,0,4,MY,0.6634317695174319,1.6094379124341003
639,201493,190,0,4,MY,0.6634317695174319,1.6094379124341003
640,201493,209,2,0,N,1.6094379124341003,0.2231435513142097
641,201493,237,0,2,MY,0.6634317695174319,1.6094379124341003
642,201493,237,0,2,MY,0.6634317695174319,1.6094379124341003
643,201493,250,1,2,MY,2.3299800242162787,1.6094379124341003
644,201493,250,1,2,MY,0.6634317695174319,1.6094379124341003
645,201493,250,1,3,Y,1.6094379124341003,1.6094379124341003
646,201493,263,4,0,N,1.6094379124341003,0.2231435513142097
647,201493,331,0,2,N,1.6094379124341003,0.2231435513142097
648,201493,331,0,2,MY,0.6634317695174319,0.6634317695174319
649,201493,331,0,2,N,2.1232449272879514,0.2231435513142097
650,201493,331,0,2,MY,0.6634317695174319,0.6634317695174319
651,201493,331,0,4,MY,0.6634317695174319,0.6634317695174319
652,201493,331,0,4,MY,1.6094379124341003,1.6094379124341003
653,201493,333,4,0,MY,0.27347542232266925,1.6094379124341003
654,201493,338,2,0,MY,0.6634317695174319,1.6094379124341003
655,201493,358,0,2,MY,0.6634317695174319,0.27347542232266925
656,201493,358,0,4,MY,0.6634317695174319,0.27347542232266925
657,201493,358,0,4,MY,0.6634317695174319,0.11273021590292895
658,201493,379,4,0,Y,0.27347542232266925,0.6634317695174319
659,201493,381,2,0,Y,0.6634317695174319,0.6634317695174319
660,201513,153,4,0,Y,0.6634317695174319,1.6094379124341003
661,201513,220,1,3,MY,0.6634317695174319,1.6094379124341003
662,201513,220,1,3,MY,0.6634317695174319,1.6094379124341003
663,201513,220,1,3,MY,0.6634317695174319,0.6634317695174319
664,201513,300,3,1,MY,0.6634317695174319,1.6094379124341003
665,201513,300,3,1,MY,0.27347542232266925,1.6094379124341003
666,201577,169,1,3,MY,1.6094379124341003,1.6094379124341003
667,201577,170,2,3,MY,1.6094379124341003,1.6094379124341003
668,201577,170,0,2,Y,0.6634317695174319,1.6094379124341003
669,201577,191,1,2,Y,1.6094379124341003,1.6094379124341003
670,201577,194,2,1,MY,1.6094379124341003,1.6094379124341003
671,201577,194,2,1,N,2.1232449272879514,0.2231435513142097
672,201577,194,2,1,N,2.1232449272879514,0.2231435513142097
673,201577,194,3,1,MY,1.6094379124341003,1.6094379124341003
674,201577,194,3,1,N,0.8752298727070241,0.2231435513142097
675,201577,194,3,1,N,2.1232449272879514,0.2231435513142097
676,201577,194,3,2,Y,0.6634317695174319,1.6094379124341003
677,201577,212,1,2,N,1.6094379124341003,0.2231435513142097
678,201577,215,0,1,MY,1.6094379124341003,1.6094379124341003
679,201577,215,0,1,N,2.1232449272879514,0.2231435513142097
680,201577,215,0,1,N,2.1232449272879514,0.2231435513142097
681,201577,215,0,2,N,0.6634317695174319,0.2231435513142097
682,201577,216,4,0,MY,2.1232449272879514,1.6094379124341003
683,201577,216,4,0,MY,2.1232449272879514,1.6094379124341003
684,201577,249,3,2,N,1.6094379124341003,0.2231435513142097
685,201577,266,1,0,MY,2.1232449272879514,1.6094379124341003
686,201577,266,1,0,MY,0.8752298727070241,1.6094379124341003
687,201577,300,2,0,MY,2.1232449272879514,1.6094379124341003
688,201577,300,2,0,MY,2.1232449272879514,1.6094379124341003
689,201577,300,2,3,Y,1.6094379124341003,0.6634317695174319
690,201577,301,0,2,Y,0.6634317695174319,0.4938605611441196
691,201577,301,0,4,MY,0.6634317695174319,1.6094379124341003
692,201577,301,0,4,MY,2.1232449272879514,1.6094379124341003
693,201577,310,2,0,MY,2.1232449272879514,1.6094379124341003
694,201577,310,2,0,MY,1.6094379124341003,1.6094379124341003
695,201577,311,3,2,Y,0.6634317695174319,0.4938605611441196
696,201577,311,3,2,MY,1.6094379124341003,2.1232449272879514
697,201577,326,1,0,MY,1.6094379124341003,1.6094379124341003
698,201577,326,1,0,MY,0.6634317695174319,1.6094379124341003
699,201577,326,1,2,Y,1.6094379124341003,0.4938605611441196
700,201577,326,1,2,MY,1.6094379124341003,2.1232449272879514
701,201577,326,1,2,N,1.6094379124341003,0.539167153276795
702,201577,326,1,3,Y,1.6094379124341003,0.6634317695174319
703,201577,349,2,1,Y,1.6094379124341003,0.6634317695174319
704,201577,351,3,1,Y,1.6094379124341003,0.6634317695174319
705,201577,351,3,2,N,1.6094379124341003,0.539167153276795
706,201577,361,0,1,Y,1.6094379124341003,0.6634317695174319
707,201577,361,0,2,MY,0.6634317695174319,2.1232449272879514
708,201577,361,0,2,N,0.6634317695174319,0.539167153276795
709,201577,381,4,0,MY,1.6094379124341003,1.6094379124341003
710,201577,381,4,0,MY,2.1232449272879514,1.6094379124341003
711,201586,174,1,0,N,0.8752298727070241,0.2231435513142097
712,201586,174,1,0,N,2.1232449272879514,0.2231435513142097
713,201586,181,4,0,N,2.1232449272879514,0.2231435513142097
714,201586,181,4,0,N,2.1232449272879514,0.2231435513142097
715,201586,181,4,1,MY,0.6634317695174319,1.6094379124341003
716,201586,182,0,1,MY,1.6094379124341003,1.6094379124341003
717,201586,182,0,4,MY,1.6094379124341003,1.6094379124341003
718,201586,192,1,4,MY,0.6634317695174319,1.6094379124341003
719,201586,197,3,0,N,2.1232449272879514,0.2231435513142097
720,201586,197,3,0,N,2.1232449272879514,0.2231435513142097
721,201586,197,3,1,MY,1.6094379124341003,1.6094379124341003
722,201586,224,0,4,Y,1.6094379124341003,0.6634317695174319
723,201586,229,1,0,N,1.6094379124341003,0.2231435513142097
724,201586,229,1,4,Y,0.6634317695174319,0.6634317695174319
725,201586,229,2,0,N,2.1232449272879514,0.2231435513142097
726,201586,229,2,0,N,0.8752298727070241,0.2231435513142097
727,201586,229,2,0,N,0.6634317695174319,0.2231435513142097
728,201586,229,2,4,MY,1.6094379124341003,1.6094379124341003
729,201586,229,2,4,Y,1.6094379124341003,0.6634317695174319
730,201586,293,4,0,N,1.6094379124341003,0.2231435513142097
731,201586,293,4,2,Y,1.6094379124341003,1.6094379124341003
732,201586,293,4,2,Y,1.6094379124341003,0.4938605611441196
733,201586,296,3,0,N,1.6094379124341003,0.2231435513142097
734,201586,296,3,2,Y,1.6094379124341003,1.6094379124341003
735,201586,296,3,2,Y,1.6094379124341003,0.4938605611441196
736,201586,310,0,2,Y,2.1232449272879514,1.6094379124341003
737,201586,310,0,2,Y,2.1232449272879514,0.4938605611441196
738,201586,375,2,4,MY,1.6094379124341003,0.20357590898252861
739,201590,179,2,0,N,1.6094379124341003,0.2231435513142097
740,201590,204,4,0,N,1.6094379124341003,0.2231435513142097
741,201590,227,2,0,MY,2.3299800242162787,1.6094379124341003
742,201590,227,2,0,MY,0.6634317695174319,1.6094379124341003
743,201590,228,3,0,N,1.6094379124341003,0.2231435513142097
744,201590,228,3,0,MY,0.6634317695174319,1.6094379124341003
745,201590,228,3,0,MY,2.3299800242162787,1.6094379124341003
746,201590,230,4,0,MY,0.6634317695174319,1.6094379124341003
747,201590,230,4,0,MY,0.6634317695174319,1.6094379124341003
748,201590,238,1,3,MY,0.6634317695174319,1.6094379124341003
749,201590,239,0,3,MY,0.6634317695174319,1.6094379124341003
750,201590,239,0,4,MY,0.6634317695174319,1.6094379124341003
751,201590,239,0,4,MY,1.6094379124341003,1.6094379124341003
752,201590,243,2,0,MY,2.3299800242162787,0.6634317695174319
753,201590,244,1,2,N,0.6634317695174319,0.2231435513142097
754,201590,244,0,2,N,0.6634317695174319,0.2231435513142097
755,201590,260,2,1,Y,2.3299800242162787,1.6094379124341003
756,201590,282,2,0,MY,0.6634317695174319,0.6634317695174319
757,201590,282,2,0,N,1.6094379124341003,0.12742750599967062
758,201590,282,2,0,N,2.3299800242162787,1.4301669754191548
759,201590,318,4,0,MY,0.6634317695174319,0.6634317695174319
760,201590,318,4,0,MY,0.6634317695174319,0.6634317695174319
761,201590,318,4,0,N,1.6094379124341003,0.12742750599967062
762,201590,318,4,0,N,0.6634317695174319,1.4301669754191548
763,201590,318,4,0,N,1.6094379124341003,0.09345316378824942
764,201590,318,4,0,N,0.6634317695174319,0.028659768903549893
765,201590,320,2,0,N,1.6094379124341003,0.09345316378824942
766,201590,320,2,0,N,2.3299800242162787,0.028659768903549893
767,201590,327,0,4,MY,0.6634317695174319,0.6634317695174319
768,201590,329,3,0,MY,0.6634317695174319,0.6634317695174319
769,201590,329,3,0,MY,2.3299800242162787,0.6634317695174319
770,201590,329,3,0,N,1.6094379124341003,0.12742750599967062
771,201590,329,3,0,N,0.6634317695174319,1.4301669754191548
772,201590,329,3,0,N,1.6094379124341003,0.09345316378824942
773,201590,329,3,0,N,0.6634317695174319,0.028659768903549893
774,201590,329,3,0,N,0.6634317695174319,0.026804762747041678
775,201590,329,3,1,Y,0.6634317695174319,1.6094379124341003
776,201590,339,2,0,N,2.3299800242162787,0.026804762747041678
777,201590,350,1,2,N,0.6634317695174319,0.12742750599967062
778,201590,350,1,3,Y,0.6634317695174319,0.6634317695174319
779,201590,355,0,2,N,0.6634317695174319,0.12742750599967062
780,201590,355,0,3,Y,0.6634317695174319,0.6634317695174319
781,201590,364,2,0,MY,1.6094379124341003,1.6094379124341003
782,201590,364,2,0,MY,1.6094379124341003,1.6094379124341003
783,201590,364,2,0,MY,0.6634317695174319,0.27347542232266925
784,201590,364,2,1,MY,1.6094379124341003,1.6094379124341003
785,201590,364,2,1,MY,1.6094379124341003,1.6094379124341003
786,201590,374,0,2,MY,2.1232449272879514,1.6094379124341003
787,201590,379,1,2,MY,0.6634317695174319,1.6094379124341003
788,201626,156,4,1,N,0.8752298727070241,0.2231435513142097
789,201626,156,4,1,N,1.6094379124341003,0.2231435513142097
790,201626,162,0,1,N,2.1232449272879514,0.2231435513142097
791,201626,162,0,1,N,0.6634317695174319,0.2231435513142097
792,201626,172,1,0,N,2.1232449272879514,0.2231435513142097
793,201626,176,2,0,N,2.1232449272879514,0.2231435513142097
794,201626,176,2,1,N,2.1232449272879514,0.2231435513142097
795,201626,176,2,1,N,1.6094379124341003,0.2231435513142097
796,201626,176,2,1,N,2.1232449272879514,0.12742750599967062
797,201626,180,0,1,N,2.1232449272879514,0.12742750599967062
798,201626,180,0,2,N,1.6094379124341003,0.2231435513142097
799,201626,180,0,2,N,1.6094379124341003,0.2231435513142097
800,201626,187,1,2,N,1.6094379124341003,0.2231435513142097
801,201626,187,1,2,N,1.6094379124341003,0.2231435513142097
802,201626,191,2,1,Y,1.6094379124341003,1.6094379124341003
803,201626,202,3,0,N,2.1232449272879514,0.2231435513142097
804,201626,202,3,1,N,2.1232449272879514,0.2231435513142097
805,201626,202,3,1,N,1.6094379124341003,0.2231435513142097
806,201626,202,3,1,N,2.1232449272879514,0.12742750599967062
807,201626,202,3,1,Y,2.1232449272879514,1.6094379124341003
808,201626,202,3,2,N,1.6094379124341003,0.2231435513142097
809,201626,202,3,2,N,2.1232449272879514,0.2231435513142097
810,201626,214,4,0,N,0.8752298727070241,0.2231435513142097
811,201626,214,4,1,N,0.8752298727070241,0.12742750599967062
812,201626,214,4,1,Y,1.6094379124341003,1.6094379124341003
813,201626,214,4,2,N,0.6634317695174319,0.2231435513142097
814,201626,214,4,2,N,1.6094379124341003,0.2231435513142097
815,201626,254,0,1,Y,0.6634317695174319,1.6094379124341003
816,201626,254,0,1,Y,0.6634317695174319,0.4938605611441196
817,201626,267,2,1,Y,1.6094379124341003,0.4938605611441196
818,201626,290,3,1,Y,2.1232449272879514,0.4938605611441196
819,201626,312,1,3,MY,2.1232449272879514,1.6094379124341003
820,201626,312,1,3,MY,1.6094379124341003,1.6094379124341003
821,201626,315,2,3,MY,1.6094379124341003,1.6094379124341003
822,201626,315,2,3,MY,0.6634317695174319,1.6094379124341003
823,201626,332,0,3,MY,0.6634317695174319,1.6094379124341003
824,201626,332,0,3,MY,1.6094379124341003,1.6094379124341003
825,201626,345,4,1,Y,1.6094379124341003,0.4938605611441196
826,201636,188,0,1,Y,0.6634317695174319,1.6094379124341003
827,201636,188,4,0,Y,2.3299800242162787,1.6094379124341003
828,201636,197,3,1,Y,0.6634317695174319,1.6094379124341003
829,201636,204,4,0,N,1.6094379124341003,0.2231435513142097
830,201636,204,1,0,Y,0.6634317695174319,1.6094379124341003
831,201636,204,1,0,N,0.6634317695174319,0.2231435513142097
832,201636,204,1,3,Y,0.6634317695174319,1.6094379124341003
833,201636,217,0,4,N,0.6634317695174319,0.2231435513142097
834,201636,238,0,1,Y,0.6634317695174319,0.4938605611441196
835,201636,243,4,0,Y,2.3299800242162787,0.4938605611441196
836,201636,245,3,1,Y,0.6634317695174319,0.4938605611441196
837,201636,246,1,0,Y,0.6634317695174319,0.4938605611441196
838,201636,362,0,4,Y,0.6634317695174319,1.6094379124341003
839,201656,176,0,2,N,2.1232449272879514,0.2231435513142097
840,201656,176,0,2,N,0.6634317695174319,0.2231435513142097
841,201656,227,0,4,MY,0.6634317695174319,1.6094379124341003
842,201656,227,0,4,MY,0.6634317695174319,1.6094379124341003
843,201656,227,0,4,MY,1.6094379124341003,1.6094379124341003
844,201656,240,4,0,MY,1.6094379124341003,1.6094379124341003
845,201656,242,3,0,MY,0.6634317695174319,1.6094379124341003
846,201656,257,2,0,MY,1.6094379124341003,1.6094379124341003
847,201656,359,0,2,Y,1.6094379124341003,1.6094379124341003
848,201656,362,4,0,Y,1.6094379124341003,0.6634317695174319
849,201656,363,2,0,Y,1.6094379124341003,0.6634317695174319
